{
  "title": "HeroStory_Cocos",
  "packageName": "",
  "startScene": "239d94ab-330b-4b6f-ae2a-562d3d6bb7ba",
  "excludeScenes": [],
  "includeSDKBox": false,
  "orientation": {
    "landscapeLeft": true,
    "landscapeRight": true,
    "portrait": false,
    "upsideDown": false
  },
  "webOrientation": "landscape",
  "inlineSpriteFrames": true,
  "inlineSpriteFrames_native": true,
  "mergeStartScene": false,
  "optimizeHotUpdate": false,
  "md5Cache": false,
  "encryptJs": true,
  "xxteaKey": "6a8879a3-4071-4c",
  "zipCompressJs": true,
  "fb-instant-games": {},
  "android": {
    "packageName": ""
  },
  "ios": {
    "packageName": ""
  },
  "mac": {
    "packageName": ""
  },
  "win32": {},
  "android-instant": {
    "REMOTE_SERVER_ROOT": "",
    "host": "",
    "packageName": "",
    "pathPattern": "",
    "recordPath": "",
    "scheme": "https",
    "skipRecord": false
  },
  "appBundle": false
}
