{"skeleton":{"hash":"l4e3I5HIssIIJVyZwoi6dGCcduQ","spine":"3.6.53","width":163.78,"height":286.5,"images":""},"bones":[{"name":"Root"},{"name":"Body","parent":"Root","length":74.35,"rotation":92.89,"x":4.27,"y":-38.38},{"name":"Head","parent":"Body","length":78.07,"rotation":-6.31,"x":77.17,"y":0.17},{"name":"LHand","parent":"Body","length":42.56,"rotation":150.55,"x":43.84,"y":33.09},{"name":"LLeg","parent":"Body","length":37.13,"rotation":178.08,"x":-3.31,"y":14.85},{"name":"RHand","parent":"Body","length":43.47,"rotation":-138.76,"x":45.91,"y":-25.12},{"name":"RLeg","parent":"Body","length":37.52,"rotation":-179.07,"x":-4.63,"y":-11.33}],"slots":[{"name":"RLeg","bone":"RLeg","attachment":"Img/RLeg"},{"name":"Body","bone":"Body","attachment":"Img/Body"},{"name":"LLeg","bone":"LLeg","attachment":"Img/LLeg"},{"name":"Head","bone":"Head","attachment":"Img/Head"},{"name":"RHand","bone":"RHand","attachment":"Img/RHand"},{"name":"LHand","bone":"LHand","attachment":"Img/LHand"}],"skins":{"default":{"Body":{"Img/Body":{"x":38.55,"y":2.33,"rotation":-92.89,"width":60,"height":92}},"Head":{"Img/Head":{"x":61.77,"y":-5.71,"rotation":-86.58,"width":135,"height":179}},"LHand":{"Img/LHand":{"x":32.42,"y":41.91,"rotation":116.57,"width":132,"height":106}},"LLeg":{"Img/LLeg":{"x":24.09,"y":2.79,"rotation":89.04,"width":29,"height":53}},"RHand":{"Img/RHand":{"x":37.73,"y":-1.45,"rotation":45.87,"width":75,"height":79}},"RLeg":{"Img/RLeg":{"x":24.26,"y":2.58,"rotation":86.19,"width":29,"height":53}}}},"animations":{"Attk":{"bones":{"LHand":{"rotate":[{"time":0,"angle":0},{"time":0.1667,"angle":-276.86},{"time":0.3333,"angle":0}]}}},"Die":{"bones":{"Root":{"rotate":[{"time":0,"angle":0},{"time":0.1667,"angle":90}],"translate":[{"time":0,"x":0,"y":0},{"time":0.1,"x":0,"y":20},{"time":0.1667,"x":0,"y":-10}]}}},"Run":{"bones":{"LHand":{"rotate":[{"time":0,"angle":0},{"time":0.5,"angle":22.27},{"time":1,"angle":0}]},"RHand":{"rotate":[{"time":0,"angle":0},{"time":0.5,"angle":-6.51},{"time":1,"angle":0}]},"LLeg":{"rotate":[{"time":0,"angle":-329.16},{"time":0.5,"angle":-26.36},{"time":1,"angle":30.84}]},"RLeg":{"rotate":[{"time":0,"angle":338.59},{"time":0.5,"angle":31.47},{"time":1,"angle":-21.41}]},"Root":{"translate":[{"time":0,"x":0,"y":0},{"time":0.5,"x":0,"y":-10},{"time":1,"x":0,"y":0}]},"Head":{"rotate":[{"time":0,"angle":0},{"time":0.5,"angle":-5.72},{"time":1,"angle":0}]}}}}}