{"skeleton":{"hash":"p6RTsH6SVMOsmL3553BB9NaYOHA","spine":"3.6.53","width":201,"height":289.85,"images":""},"bones":[{"name":"Root"},{"name":"Body","parent":"Root","length":63.72,"rotation":90.36,"x":10.23,"y":-33.11},{"name":"Head","parent":"Body","length":62.75,"rotation":-2.38,"x":65.53,"y":0.19},{"name":"LHand","parent":"Body","length":47.72,"rotation":138.57,"x":49.04,"y":31.65},{"name":"LLeg","parent":"Body","length":39.05,"rotation":-177.41,"x":0.97,"y":26.12},{"name":"RHand","parent":"Body","length":47.18,"rotation":-145.25,"x":52.36,"y":-16.41},{"name":"RLeg","parent":"Body","length":31.72,"rotation":-174.54,"x":2.1,"y":-16.9}],"slots":[{"name":"RHand","bone":"RHand","attachment":"Img/RHand"},{"name":"Body","bone":"Body","attachment":"Img/Body"},{"name":"LLeg","bone":"LLeg","attachment":"Img/LLeg"},{"name":"RLeg","bone":"RLeg","attachment":"Img/RLeg"},{"name":"Belt","bone":"Body","attachment":"Img/Belt"},{"name":"LHand","bone":"LHand","attachment":"Img/LHand"},{"name":"Head","bone":"Head","attachment":"Img/Head"}],"skins":{"default":{"Belt":{"Img/Belt":{"x":-0.84,"y":5.09,"rotation":-90.36,"width":69,"height":56}},"Body":{"Img/Body":{"x":33.18,"y":10.02,"rotation":-90.36,"width":76,"height":93}},"Head":{"Img/Head":{"x":59.29,"y":12.54,"rotation":-87.98,"width":201,"height":193}},"LHand":{"Img/LHand":{"x":24.18,"y":53.63,"rotation":131.07,"width":184,"height":127}},"LLeg":{"Img/LLeg":{"x":20.63,"y":-0.39,"rotation":87.05,"width":34,"height":53}},"RHand":{"Img/RHand":{"x":25.79,"y":1.86,"rotation":54.89,"width":50,"height":64}},"RLeg":{"Img/RLeg":{"x":16.53,"y":-1.08,"rotation":84.18,"width":35,"height":52}}}},"animations":{"Attk":{"bones":{"LHand":{"rotate":[{"time":0,"angle":0},{"time":0.1667,"angle":-280.03},{"time":0.3333,"angle":0}]}}},"Die":{"bones":{"Root":{"rotate":[{"time":0,"angle":0},{"time":0.1667,"angle":90}],"translate":[{"time":0,"x":0,"y":0},{"time":0.1,"x":0,"y":20},{"time":0.1667,"x":0,"y":-10}]}}},"Run":{"bones":{"LHand":{"rotate":[{"time":0,"angle":0},{"time":0.3333,"angle":-317.69},{"time":0.6667,"angle":0}]},"RHand":{"rotate":[{"time":0,"angle":0},{"time":0.3333,"angle":313.57},{"time":0.6667,"angle":0}]},"LLeg":{"rotate":[{"time":0,"angle":14.52},{"time":0.3333,"angle":328.67},{"time":0.6667,"angle":14.52}]},"RLeg":{"rotate":[{"time":0,"angle":325.54},{"time":0.3333,"angle":29.07},{"time":0.6667,"angle":-34.46}]},"Root":{"translate":[{"time":0,"x":0,"y":0},{"time":0.3333,"x":0,"y":-10},{"time":0.6667,"x":0,"y":0}]}}}}}