{"skeleton":{"hash":"Y7UDbWT1vC2zTrTNWfZjuD5GZ0o","spine":"3.6.53","width":188,"height":356,"images":""},"bones":[{"name":"Root"},{"name":"Body","parent":"Root","length":60.24,"rotation":90,"x":-0.18,"y":-35.83},{"name":"Head","parent":"Body","length":86.54,"rotation":-7.27,"x":61.9,"y":0.68},{"name":"LHand","parent":"Body","length":70.2,"rotation":146.93,"x":58.14,"y":38.3},{"name":"LLeg","parent":"Body","length":52.09,"rotation":172.46,"x":-0.68,"y":19.84},{"name":"RHand","parent":"Body","length":47.44,"rotation":-151.59,"x":57.8,"y":-24.28},{"name":"RLeg","parent":"Body","length":44.91,"rotation":-176.07,"x":1.03,"y":-15.73}],"slots":[{"name":"RHand","bone":"RHand","attachment":"Img/RHand"},{"name":"RLeg","bone":"RLeg","attachment":"Img/RLeg"},{"name":"LLeg","bone":"LLeg","attachment":"Img/LLeg"},{"name":"Body","bone":"Body","attachment":"Img/Body"},{"name":"Head","bone":"Head","attachment":"Img/Head"},{"name":"LHand","bone":"LHand","attachment":"Img/LHand"}],"skins":{"default":{"Body":{"Img/Body":{"x":27.83,"y":6.82,"rotation":-90,"width":80,"height":103}},"Head":{"Img/Head":{"x":95.88,"y":14.38,"rotation":-82.73,"width":166,"height":199}},"LHand":{"Img/LHand":{"x":52.69,"y":51.59,"rotation":123.07,"width":168,"height":167}},"LLeg":{"Img/LLeg":{"x":26.66,"y":-2.39,"rotation":97.54,"width":36,"height":67}},"RHand":{"Img/RHand":{"x":32.71,"y":3.79,"rotation":61.59,"width":51,"height":71}},"RLeg":{"Img/RLeg":{"x":26.91,"y":-0.4,"rotation":86.07,"width":38,"height":67}}}},"animations":{"Attk":{"bones":{"LHand":{"rotate":[{"time":0,"angle":0},{"time":0.1667,"angle":-225.69},{"time":0.3333,"angle":0}]}}},"Die":{"bones":{"Root":{"rotate":[{"time":0,"angle":0},{"time":0.1667,"angle":90}],"translate":[{"time":0,"x":0,"y":0},{"time":0.1,"x":0,"y":20},{"time":0.1667,"x":0,"y":-10}]}}},"Run":{"bones":{"LHand":{"rotate":[{"time":0,"angle":0},{"time":0.3333,"angle":15.21},{"time":0.6667,"angle":0}]},"RHand":{"rotate":[{"time":0,"angle":0},{"time":0.3333,"angle":325.28},{"time":0.6667,"angle":0}]},"LLeg":{"rotate":[{"time":0,"angle":-345.74},{"time":0.3333,"angle":-21.8},{"time":0.6667,"angle":-345.74}]},"RLeg":{"rotate":[{"time":0,"angle":349.89},{"time":0.3333,"angle":26},{"time":0.6667,"angle":-10.11}]},"Body":{"translate":[{"time":0,"x":0,"y":0},{"time":0.3333,"x":0,"y":-4.17},{"time":0.6667,"x":0,"y":0}]}}}}}